timestamp,elapsed_s,label,heading_deg,delta_deg,reference_deg,status,event
2026-10-05T17:01:30.208418-04:00,0.003,unlabeled,0.000,,,not_zeroed,
2026-10-05T17:01:30.407004-04:00,0.202,unlabeled,0.000,,,not_zeroed,
2026-10-05T17:01:30.607034-04:00,0.402,unlabeled,0.000,,,not_zeroed,
2026-10-05T17:01:30.806986-04:00,0.602,unlabeled,0.000,,,not_zeroed,
2026-10-05T17:01:31.006960-04:00,0.801,unlabeled,0.000,,,not_zeroed,
2026-10-05T17:01:31.206962-04:00,1.001,unlabeled,0.000,,,not_zeroed,
2026-10-05T17:01:31.406960-04:00,1.201,unlabeled,0.000,,,not_zeroed,
2026-10-05T17:01:31.606941-04:00,1.401,unlabeled,0.000,,,not_zeroed,
2026-10-05T17:01:31.806942-04:00,1.601,unlabeled,0.000,,,not_zeroed,
2026-10-05T17:01:32.006953-04:00,1.801,unlabeled,0.000,,,not_zeroed,
2026-10-05T17:01:32.206955-04:00,2.001,unlabeled,0.000,,,not_zeroed,
2026-10-05T17:01:32.406947-04:00,2.201,unlabeled,0.000,,,not_zeroed,
2026-10-05T17:01:32.606952-04:00,2.401,unlabeled,0.000,,,not_zeroed,
2026-10-05T17:01:32.806938-04:00,2.601,unlabeled,0.000,,,not_zeroed,
2026-10-05T17:01:33.006971-04:00,2.802,unlabeled,0.000,,,not_zeroed,
2026-10-05T17:01:33.207048-04:00,3.002,unlabeled,0.000,,,not_zeroed,
2026-10-05T17:01:33.407190-04:00,3.202,unlabeled,0.000,,,not_zeroed,
2026-10-05T17:01:33.607237-04:00,3.402,unlabeled,0.000,,,not_zeroed,
2026-10-05T17:01:33.807261-04:00,3.602,unlabeled,0.000,,,not_zeroed,
2026-10-05T17:01:34.007343-04:00,3.802,unlabeled,0.000,,,not_zeroed,
2026-10-05T17:01:34.207551-04:00,4.002,unlabeled,0.000,,,not_zeroed,
2026-10-05T17:01:34.407580-04:00,4.202,unlabeled,0.000,,,not_zeroed,
2026-10-05T17:01:34.607561-04:00,4.402,unlabeled,0.000,,,not_zeroed,
2026-10-05T17:01:34.807603-04:00,4.602,unlabeled,0.000,,,not_zeroed,
2026-10-05T17:01:35.007725-04:00,4.802,unlabeled,0.000,,,not_zeroed,
2026-10-05T17:01:35.207750-04:00,5.002,unlabeled,0.000,,,not_zeroed,
2026-10-05T17:01:35.407732-04:00,5.202,unlabeled,0.000,,,not_zeroed,
2026-10-05T17:01:35.607912-04:00,5.402,unlabeled,0.000,,,not_zeroed,
2026-10-05T17:01:35.808100-04:00,5.603,unlabeled,0.000,,,not_zeroed,
2026-10-05T17:01:36.008113-04:00,5.803,unlabeled,0.000,,,not_zeroed,
2026-10-05T17:01:36.208117-04:00,6.003,unlabeled,0.000,,,not_zeroed,
2026-10-05T17:01:36.408282-04:00,6.203,unlabeled,0.000,,,not_zeroed,
2026-10-05T17:01:36.608300-04:00,6.403,unlabeled,0.000,,,not_zeroed,
2026-10-05T17:01:36.808356-04:00,6.603,unlabeled,0.000,,,not_zeroed,
2026-10-05T17:01:37.008469-04:00,6.803,unlabeled,0.000,,,not_zeroed,
2026-10-05T17:01:37.208461-04:00,7.003,unlabeled,0.000,,,not_zeroed,
2026-10-05T17:01:37.408651-04:00,7.203,unlabeled,0.000,,,not_zeroed,
2026-10-05T17:01:37.608566-04:00,7.403,unlabeled,0.000,,,not_zeroed,
2026-10-05T17:01:37.808591-04:00,7.603,unlabeled,0.000,,,not_zeroed,
2026-10-05T17:01:38.008622-04:00,7.803,unlabeled,0.000,,,not_zeroed,
2026-10-05T17:01:38.208537-04:00,8.003,unlabeled,0.000,,,not_zeroed,
2026-10-05T17:01:38.408605-04:00,8.203,unlabeled,0.000,,,not_zeroed,
2026-10-05T17:01:38.608589-04:00,8.403,unlabeled,0.000,,,not_zeroed,
2026-10-05T17:01:38.808566-04:00,8.603,unlabeled,0.000,,,not_zeroed,
2026-10-05T17:01:39.008560-04:00,8.803,unlabeled,0.000,,,not_zeroed,
2026-10-05T17:01:39.208543-04:00,9.003,unlabeled,0.000,,,not_zeroed,
2026-10-05T17:01:39.408568-04:00,9.203,unlabeled,0.000,,,not_zeroed,
2026-10-05T17:01:39.608528-04:00,9.403,unlabeled,0.000,,,not_zeroed,
2026-10-05T17:01:39.808591-04:00,9.603,unlabeled,0.000,,,not_zeroed,
2026-10-05T17:01:40.008599-04:00,9.803,unlabeled,0.000,,,not_zeroed,
2026-10-05T17:01:40.208578-04:00,10.003,unlabeled,0.000,,,not_zeroed,
2026-10-05T17:01:40.408518-04:00,10.203,unlabeled,0.000,,,not_zeroed,
2026-10-05T17:01:40.608619-04:00,10.403,unlabeled,0.000,,,not_zeroed,
2026-10-05T17:01:40.808530-04:00,10.603,unlabeled,0.000,,,not_zeroed,
2026-10-05T17:01:41.008494-04:00,10.803,unlabeled,0.000,,,not_zeroed,
2026-10-05T17:01:41.208571-04:00,11.003,unlabeled,0.000,,,not_zeroed,
2026-10-05T17:01:41.408501-04:00,11.203,unlabeled,0.000,,,not_zeroed,
2026-10-05T17:01:41.608580-04:00,11.403,unlabeled,0.000,,,not_zeroed,
2026-10-05T17:01:41.808563-04:00,11.603,unlabeled,0.000,,,not_zeroed,
2026-10-05T17:01:42.008525-04:00,11.803,unlabeled,0.000,,,not_zeroed,
2026-10-05T17:01:42.208598-04:00,12.003,unlabeled,0.000,,,not_zeroed,
2026-10-05T17:01:42.408618-04:00,12.203,unlabeled,0.000,,,not_zeroed,
2026-10-05T17:01:42.608561-04:00,12.403,unlabeled,0.000,,,not_zeroed,
2026-10-05T17:01:42.808548-04:00,12.603,unlabeled,0.000,,,not_zeroed,
2026-10-05T17:01:43.008554-04:00,12.803,unlabeled,0.000,,,not_zeroed,
2026-10-05T17:01:43.208421-04:00,13.003,unlabeled,0.000,,,not_zeroed,
2026-10-05T17:01:43.408363-04:00,13.203,unlabeled,0.000,,,not_zeroed,
2026-10-05T17:01:43.608109-04:00,13.403,unlabeled,0.000,,,not_zeroed,
2026-10-05T17:01:43.807965-04:00,13.602,unlabeled,0.000,,,not_zeroed,
2026-10-05T17:01:44.007924-04:00,13.802,unlabeled,0.000,,,not_zeroed,
2026-10-05T17:01:44.207641-04:00,14.002,unlabeled,0.000,,,not_zeroed,
2026-10-05T17:01:44.407410-04:00,14.202,unlabeled,0.000,,,not_zeroed,
2026-10-05T17:01:44.607371-04:00,14.402,unlabeled,0.000,,,not_zeroed,
2026-10-05T17:01:44.806990-04:00,14.602,unlabeled,0.000,,,not_zeroed,
2026-10-05T17:01:45.006999-04:00,14.802,unlabeled,0.000,,,not_zeroed,
2026-10-05T17:01:45.206994-04:00,15.002,unlabeled,0.000,,,not_zeroed,
2026-10-05T17:01:45.407035-04:00,15.202,unlabeled,0.000,,,not_zeroed,
2026-10-05T17:01:45.607258-04:00,15.402,unlabeled,0.000,,,not_zeroed,
2026-10-05T17:01:45.806972-04:00,15.602,unlabeled,0.000,,,not_zeroed,
2026-10-05T17:01:46.006967-04:00,15.802,unlabeled,0.000,,,not_zeroed,
2026-10-05T17:01:46.206981-04:00,16.002,unlabeled,0.000,,,not_zeroed,
2026-10-05T17:01:46.406975-04:00,16.202,unlabeled,0.000,,,not_zeroed,
2026-10-05T17:01:46.606973-04:00,16.402,unlabeled,0.000,,,not_zeroed,
2026-10-05T17:01:46.807013-04:00,16.602,unlabeled,0.000,,,not_zeroed,
2026-10-05T17:01:47.007013-04:00,16.802,unlabeled,0.000,,,not_zeroed,
2026-10-05T17:01:47.207026-04:00,17.002,unlabeled,0.000,,,not_zeroed,
2026-10-05T17:01:47.406999-04:00,17.202,unlabeled,0.000,,,not_zeroed,
2026-10-05T17:01:47.606985-04:00,17.402,unlabeled,0.000,,,not_zeroed,
2026-10-05T17:01:47.806982-04:00,17.602,unlabeled,0.000,,,not_zeroed,
2026-10-05T17:01:48.007032-04:00,17.802,unlabeled,0.000,,,not_zeroed,
2026-10-05T17:01:48.207182-04:00,18.002,unlabeled,0.000,,,not_zeroed,
2026-10-05T17:01:48.407282-04:00,18.202,unlabeled,0.000,,,not_zeroed,
2026-10-05T17:01:48.607319-04:00,18.402,unlabeled,0.000,,,not_zeroed,
2026-10-05T17:01:48.807467-04:00,18.602,unlabeled,0.000,,,not_zeroed,
2026-10-05T17:01:49.007582-04:00,18.802,unlabeled,0.000,,,not_zeroed,
2026-10-05T17:01:49.207583-04:00,19.002,unlabeled,0.000,,,not_zeroed,
2026-10-05T17:01:49.407541-04:00,19.202,unlabeled,0.000,,,not_zeroed,
2026-10-05T17:01:49.607582-04:00,19.402,unlabeled,0.000,,,not_zeroed,
2026-10-05T17:01:49.807733-04:00,19.602,unlabeled,0.000,,,not_zeroed,
2026-10-05T17:01:50.007756-04:00,19.802,unlabeled,0.000,,,not_zeroed,
2026-10-05T17:01:50.207924-04:00,20.002,unlabeled,0.000,,,not_zeroed,
2026-10-05T17:01:50.408003-04:00,20.203,unlabeled,0.000,,,not_zeroed,
2026-10-05T17:01:50.607959-04:00,20.402,unlabeled,0.000,,,not_zeroed,
2026-10-05T17:01:50.808099-04:00,20.603,unlabeled,0.000,,,not_zeroed,
2026-10-05T17:01:51.008096-04:00,20.803,unlabeled,0.000,,,not_zeroed,
2026-10-05T17:01:51.208272-04:00,21.003,unlabeled,0.000,,,not_zeroed,
2026-10-05T17:01:51.408257-04:00,21.203,unlabeled,0.000,,,not_zeroed,
2026-10-05T17:01:51.608346-04:00,21.403,unlabeled,0.000,,,not_zeroed,
2026-10-05T17:01:51.808423-04:00,21.603,unlabeled,0.000,,,not_zeroed,
2026-10-05T17:01:52.008580-04:00,21.803,unlabeled,0.000,,,not_zeroed,
2026-10-05T17:01:52.208489-04:00,22.003,unlabeled,0.000,,,not_zeroed,
2026-10-05T17:01:52.408471-04:00,22.203,unlabeled,0.000,,,not_zeroed,
2026-10-05T17:01:52.608497-04:00,22.403,unlabeled,0.000,,,not_zeroed,
2026-10-05T17:01:52.808601-04:00,22.603,unlabeled,0.000,,,not_zeroed,
2026-10-05T17:01:53.008534-04:00,22.803,unlabeled,0.000,,,not_zeroed,
2026-10-05T17:01:53.208531-04:00,23.003,unlabeled,0.000,,,not_zeroed,
2026-10-05T17:01:53.408585-04:00,23.203,centered,0.000,0.000,0.000,ok,zero_set
2026-10-05T17:01:53.608479-04:00,23.403,centered,0.000,0.000,0.000,ok,
2026-10-05T17:01:53.808444-04:00,23.603,centered,0.000,0.000,0.000,ok,
2026-10-05T17:01:54.008469-04:00,23.803,centered,0.000,0.000,0.000,ok,
2026-10-05T17:01:54.208476-04:00,24.003,centered,0.000,0.000,0.000,ok,
2026-10-05T17:01:54.408569-04:00,24.203,centered,0.000,0.000,0.000,ok,
2026-10-05T17:01:54.608524-04:00,24.403,centered,0.000,0.000,0.000,ok,
2026-10-05T17:01:54.808596-04:00,24.603,centered,0.000,0.000,0.000,ok,
2026-10-05T17:01:55.008580-04:00,24.803,centered,0.000,0.000,0.000,ok,
2026-10-05T17:01:55.208517-04:00,25.003,centered,0.000,0.000,0.000,ok,
2026-10-05T17:01:55.408537-04:00,25.203,centered,0.000,0.000,0.000,ok,
2026-10-05T17:01:55.608540-04:00,25.403,centered,0.000,0.000,0.000,ok,
2026-10-05T17:01:55.808533-04:00,25.603,centered,0.000,0.000,0.000,ok,
2026-10-05T17:01:56.008577-04:00,25.803,centered,0.000,0.000,0.000,ok,
2026-10-05T17:01:56.208574-04:00,26.003,centered,0.000,0.000,0.000,ok,
2026-10-05T17:01:56.408564-04:00,26.203,centered,0.000,0.000,0.000,ok,
2026-10-05T17:01:56.608558-04:00,26.403,centered,0.000,0.000,0.000,ok,
2026-10-05T17:01:56.808567-04:00,26.603,centered,0.000,0.000,0.000,ok,
2026-10-05T17:01:57.008570-04:00,26.803,centered,0.000,0.000,0.000,ok,
2026-10-05T17:01:57.208490-04:00,27.003,centered,0.000,0.000,0.000,ok,
2026-10-05T17:01:57.408582-04:00,27.203,centered,0.000,0.000,0.000,ok,
2026-10-05T17:01:57.608609-04:00,27.403,centered,0.000,0.000,0.000,ok,
2026-10-05T17:01:57.808303-04:00,27.603,centered,0.000,0.000,0.000,ok,
2026-10-05T17:01:58.007980-04:00,27.803,centered,0.000,0.000,0.000,ok,
2026-10-05T17:01:58.207908-04:00,28.002,centered,0.000,0.000,0.000,ok,
2026-10-05T17:01:58.407911-04:00,28.202,centered,0.000,0.000,0.000,ok,
2026-10-05T17:01:58.607782-04:00,28.402,centered,0.000,0.000,0.000,ok,
2026-10-05T17:01:58.807525-04:00,28.602,centered,0.000,0.000,0.000,ok,
2026-10-05T17:01:59.007252-04:00,28.802,centered,0.000,0.000,0.000,ok,
2026-10-05T17:01:59.206992-04:00,29.002,centered,0.000,0.000,0.000,ok,
2026-10-05T17:01:59.407005-04:00,29.202,centered,0.000,0.000,0.000,ok,
2026-10-05T17:01:59.606998-04:00,29.402,centered,0.000,0.000,0.000,ok,
2026-10-05T17:01:59.807019-04:00,29.602,centered,0.000,0.000,0.000,ok,
2026-10-05T17:02:00.006989-04:00,29.802,centered,0.000,0.000,0.000,ok,
2026-10-05T17:02:00.206983-04:00,30.002,centered,0.000,0.000,0.000,ok,
2026-10-05T17:02:00.407032-04:00,30.202,centered,0.000,0.000,0.000,ok,
2026-10-05T17:02:00.606989-04:00,30.402,centered,0.000,0.000,0.000,ok,
2026-10-05T17:02:00.807003-04:00,30.602,centered,0.000,0.000,0.000,ok,
2026-10-05T17:02:01.007029-04:00,30.802,centered,0.000,0.000,0.000,ok,
2026-10-05T17:02:01.207041-04:00,31.002,centered,0.000,0.000,0.000,ok,
2026-10-05T17:02:01.407019-04:00,31.202,centered,0.000,0.000,0.000,ok,
2026-10-05T17:02:01.607023-04:00,31.402,centered,0.000,0.000,0.000,ok,
2026-10-05T17:02:01.807033-04:00,31.602,centered,0.000,0.000,0.000,ok,
2026-10-05T17:02:02.007002-04:00,31.802,centered,0.000,0.000,0.000,ok,
2026-10-05T17:02:02.207006-04:00,32.002,centered,0.000,0.000,0.000,ok,
2026-10-05T17:02:02.407067-04:00,32.202,centered,0.000,0.000,0.000,ok,
2026-10-05T17:02:02.607275-04:00,32.402,centered,0.000,0.000,0.000,ok,
2026-10-05T17:02:02.807225-04:00,32.602,centered,0.000,0.000,0.000,ok,
2026-10-05T17:02:03.007253-04:00,32.802,centered,0.000,0.000,0.000,ok,
2026-10-05T17:02:03.207368-04:00,33.002,centered,0.000,0.000,0.000,ok,
2026-10-05T17:02:03.407619-04:00,33.202,centered,0.000,0.000,0.000,ok,
2026-10-05T17:02:03.607592-04:00,33.402,centered,0.000,0.000,0.000,ok,
2026-10-05T17:02:03.807546-04:00,33.602,centered,0.000,0.000,0.000,ok,
2026-10-05T17:02:04.007563-04:00,33.802,centered,0.000,0.000,0.000,ok,
2026-10-05T17:02:04.207662-04:00,34.002,centered,0.000,0.000,0.000,ok,
2026-10-05T17:02:04.407787-04:00,34.202,centered,0.000,0.000,0.000,ok,
2026-10-05T17:02:04.607825-04:00,34.402,centered,0.000,0.000,0.000,ok,
2026-10-05T17:02:04.807862-04:00,34.602,centered,0.000,0.000,0.000,ok,
2026-10-05T17:02:05.008061-04:00,34.803,centered,0.000,0.000,0.000,ok,
2026-10-05T17:02:05.208041-04:00,35.003,centered,0.000,0.000,0.000,ok,
2026-10-05T17:02:05.408177-04:00,35.203,centered,0.000,0.000,0.000,ok,
2026-10-05T17:02:05.608215-04:00,35.403,centered,0.000,0.000,0.000,ok,
2026-10-05T17:02:05.808334-04:00,35.603,centered,0.000,0.000,0.000,ok,
2026-10-05T17:02:06.008352-04:00,35.803,centered,0.000,0.000,0.000,ok,
2026-10-05T17:02:06.208414-04:00,36.003,centered,0.000,0.000,0.000,ok,
2026-10-05T17:02:06.408552-04:00,36.203,centered,0.000,0.000,0.000,ok,
2026-10-05T17:02:06.608457-04:00,36.403,centered,0.000,0.000,0.000,ok,
2026-10-05T17:02:06.808505-04:00,36.603,centered,0.000,0.000,0.000,ok,
2026-10-05T17:02:07.008523-04:00,36.803,centered,0.000,0.000,0.000,ok,
2026-10-05T17:02:07.208509-04:00,37.003,centered,0.000,0.000,0.000,ok,
2026-10-05T17:02:07.408485-04:00,37.203,centered,0.000,0.000,0.000,ok,
2026-10-05T17:02:07.608550-04:00,37.403,centered,0.000,0.000,0.000,ok,
2026-10-05T17:02:07.808540-04:00,37.603,centered,0.000,0.000,0.000,ok,
2026-10-05T17:02:08.008512-04:00,37.803,centered,0.000,0.000,0.000,ok,
2026-10-05T17:02:08.208503-04:00,38.003,centered,0.000,0.000,0.000,ok,
2026-10-05T17:02:08.408551-04:00,38.203,centered,0.000,0.000,0.000,ok,
2026-10-05T17:02:08.608485-04:00,38.403,centered,0.000,0.000,0.000,ok,
2026-10-05T17:02:08.808495-04:00,38.603,centered,0.000,0.000,0.000,ok,
2026-10-05T17:02:09.008519-04:00,38.803,centered,0.000,0.000,0.000,ok,
2026-10-05T17:02:09.208458-04:00,39.003,centered,0.000,0.000,0.000,ok,
2026-10-05T17:02:09.408518-04:00,39.203,centered,0.000,0.000,0.000,ok,
2026-10-05T17:02:09.608536-04:00,39.403,centered,0.000,0.000,0.000,ok,
2026-10-05T17:02:09.808497-04:00,39.603,centered,0.000,0.000,0.000,ok,
2026-10-05T17:02:10.008519-04:00,39.803,centered,0.000,0.000,0.000,ok,
2026-10-05T17:02:10.208537-04:00,40.003,centered,0.000,0.000,0.000,ok,
2026-10-05T17:02:10.408517-04:00,40.203,centered,0.000,0.000,0.000,ok,
2026-10-05T17:02:10.608486-04:00,40.403,centered,0.000,0.000,0.000,ok,
2026-10-05T17:02:10.808558-04:00,40.603,centered,0.000,0.000,0.000,ok,
2026-10-05T17:02:11.008501-04:00,40.803,centered,0.000,0.000,0.000,ok,
2026-10-05T17:02:11.208525-04:00,41.003,centered,0.000,0.000,0.000,ok,
2026-10-05T17:02:11.408522-04:00,41.203,centered,0.000,0.000,0.000,ok,
2026-10-05T17:02:11.608508-04:00,41.403,centered,0.000,0.000,0.000,ok,
2026-10-05T17:02:11.808395-04:00,41.603,centered,0.000,0.000,0.000,ok,
2026-10-05T17:02:12.008354-04:00,41.803,centered,0.000,0.000,0.000,ok,
2026-10-05T17:02:12.208234-04:00,42.003,centered,0.000,0.000,0.000,ok,
2026-10-05T17:02:12.408131-04:00,42.203,centered,0.000,0.000,0.000,ok,
2026-10-05T17:02:12.608077-04:00,42.403,left,0.000,0.000,0.000,ok,label_changed
2026-10-05T17:02:12.807704-04:00,42.602,left,0.000,0.000,0.000,ok,
2026-10-05T17:02:13.007611-04:00,42.802,left,0.000,0.000,0.000,ok,
2026-10-05T17:02:13.207356-04:00,43.002,left,0.000,0.000,0.000,ok,
2026-10-05T17:02:13.407263-04:00,43.202,left,0.000,0.000,0.000,ok,
2026-10-05T17:02:13.607138-04:00,43.402,left,0.000,0.000,0.000,ok,
2026-10-05T17:02:13.806979-04:00,43.602,left,0.000,0.000,0.000,ok,
2026-10-05T17:02:14.007000-04:00,43.802,left,0.000,0.000,0.000,ok,
2026-10-05T17:02:14.207005-04:00,44.002,left,0.000,0.000,0.000,ok,
2026-10-05T17:02:14.407010-04:00,44.202,left,0.000,0.000,0.000,ok,
2026-10-05T17:02:14.606982-04:00,44.402,left,0.000,0.000,0.000,ok,
2026-10-05T17:02:14.806975-04:00,44.602,left,0.000,0.000,0.000,ok,
2026-10-05T17:02:15.006976-04:00,44.802,left,0.000,0.000,0.000,ok,
2026-10-05T17:02:15.206973-04:00,45.002,left,0.000,0.000,0.000,ok,
2026-10-05T17:02:15.406981-04:00,45.202,left,0.000,0.000,0.000,ok,
2026-10-05T17:02:15.606982-04:00,45.402,left,0.000,0.000,0.000,ok,
2026-10-05T17:02:15.806977-04:00,45.602,left,0.000,0.000,0.000,ok,
2026-10-05T17:02:16.007006-04:00,45.802,left,0.000,0.000,0.000,ok,
2026-10-05T17:02:16.207026-04:00,46.002,left,0.000,0.000,0.000,ok,
2026-10-05T17:02:16.407004-04:00,46.202,left,0.000,0.000,0.000,ok,
2026-10-05T17:02:16.606975-04:00,46.402,left,0.000,0.000,0.000,ok,
2026-10-05T17:02:16.807097-04:00,46.602,left,0.000,0.000,0.000,ok,
2026-10-05T17:02:17.007222-04:00,46.802,left,0.000,0.000,0.000,ok,
2026-10-05T17:02:17.207240-04:00,47.002,left,0.000,0.000,0.000,ok,
2026-10-05T17:02:17.407275-04:00,47.202,left,0.000,0.000,0.000,ok,
2026-10-05T17:02:17.607390-04:00,47.402,left,0.000,0.000,0.000,ok,
2026-10-05T17:02:17.807579-04:00,47.602,left,0.000,0.000,0.000,ok,
2026-10-05T17:02:18.007566-04:00,47.802,left,0.000,0.000,0.000,ok,
2026-10-05T17:02:18.207551-04:00,48.002,left,0.000,0.000,0.000,ok,
2026-10-05T17:02:18.407589-04:00,48.202,left,359.938,-0.062,0.000,ok,
2026-10-05T17:02:18.607702-04:00,48.402,left,359.438,-0.562,0.000,ok,
2026-10-05T17:02:18.807745-04:00,48.602,left,356.375,-3.625,0.000,ok,
2026-10-05T17:02:19.007825-04:00,48.802,left,347.688,-12.312,0.000,ok,
2026-10-05T17:02:19.207855-04:00,49.002,left,336.188,-23.812,0.000,ok,
2026-10-05T17:02:19.408030-04:00,49.203,left,326.188,-33.812,0.000,ok,
2026-10-05T17:02:19.608141-04:00,49.403,left,323.125,-36.875,0.000,ok,
2026-10-05T17:02:19.808087-04:00,49.603,left,324.125,-35.875,0.000,ok,
2026-10-05T17:02:20.008192-04:00,49.803,left,325.625,-34.375,0.000,ok,
2026-10-05T17:02:20.208351-04:00,50.003,left,326.250,-33.750,0.000,ok,
2026-10-05T17:02:20.408310-04:00,50.203,left,327.438,-32.562,0.000,ok,
2026-10-05T17:02:20.608430-04:00,50.403,left,328.125,-31.875,0.000,ok,
2026-10-05T17:02:20.808482-04:00,50.603,left,327.938,-32.062,0.000,ok,
2026-10-05T17:02:21.008569-04:00,50.803,left,328.875,-31.125,0.000,ok,
2026-10-05T17:02:21.208457-04:00,51.003,left,328.938,-31.062,0.000,ok,
2026-10-05T17:02:21.408518-04:00,51.203,left,328.562,-31.438,0.000,ok,
2026-10-05T17:02:21.608493-04:00,51.403,left,328.562,-31.438,0.000,ok,
2026-10-05T17:02:21.808507-04:00,51.603,left,328.562,-31.438,0.000,ok,
2026-10-05T17:02:22.008504-04:00,51.803,left,328.562,-31.438,0.000,ok,
2026-10-05T17:02:22.208536-04:00,52.003,left,328.562,-31.438,0.000,ok,
2026-10-05T17:02:22.408524-04:00,52.203,left,328.562,-31.438,0.000,ok,
2026-10-05T17:02:22.608503-04:00,52.403,left,328.562,-31.438,0.000,ok,
2026-10-05T17:02:22.808470-04:00,52.603,left,328.562,-31.438,0.000,ok,
2026-10-05T17:02:23.008497-04:00,52.803,left,328.562,-31.438,0.000,ok,
2026-10-05T17:02:23.208506-04:00,53.003,left,328.562,-31.438,0.000,ok,
2026-10-05T17:02:23.408518-04:00,53.203,left,328.562,-31.438,0.000,ok,
2026-10-05T17:02:23.608526-04:00,53.403,left,328.562,-31.438,0.000,ok,
2026-10-05T17:02:23.808483-04:00,53.603,left,328.562,-31.438,0.000,ok,
2026-10-05T17:02:24.008495-04:00,53.803,left,328.562,-31.438,0.000,ok,
2026-10-05T17:02:24.208540-04:00,54.003,left,328.562,-31.438,0.000,ok,
2026-10-05T17:02:24.408561-04:00,54.203,left,328.562,-31.438,0.000,ok,
2026-10-05T17:02:24.608531-04:00,54.403,left,328.562,-31.438,0.000,ok,
2026-10-05T17:02:24.808514-04:00,54.603,left,328.562,-31.438,0.000,ok,
2026-10-05T17:02:25.008502-04:00,54.803,left,328.562,-31.438,0.000,ok,
2026-10-05T17:02:25.208525-04:00,55.003,left,328.562,-31.438,0.000,ok,
2026-10-05T17:02:25.408526-04:00,55.203,left,328.562,-31.438,0.000,ok,
2026-10-05T17:02:25.608552-04:00,55.403,left,328.562,-31.438,0.000,ok,
2026-10-05T17:02:25.808528-04:00,55.603,left,328.562,-31.438,0.000,ok,
2026-10-05T17:02:26.008510-04:00,55.803,left,328.562,-31.438,0.000,ok,
2026-10-05T17:02:26.208483-04:00,56.003,left,328.562,-31.438,0.000,ok,
2026-10-05T17:02:26.408522-04:00,56.203,left,328.562,-31.438,0.000,ok,
2026-10-05T17:02:26.608497-04:00,56.403,left,328.562,-31.438,0.000,ok,
2026-10-05T17:02:26.808480-04:00,56.603,left,328.562,-31.438,0.000,ok,
2026-10-05T17:02:27.008488-04:00,56.803,left,328.562,-31.438,0.000,ok,
2026-10-05T17:02:27.208473-04:00,57.003,left,328.562,-31.438,0.000,ok,
2026-10-05T17:02:27.408522-04:00,57.203,left,328.562,-31.438,0.000,ok,
2026-10-05T17:02:27.608483-04:00,57.403,left,328.562,-31.438,0.000,ok,
2026-10-05T17:02:27.808487-04:00,57.603,left,328.562,-31.438,0.000,ok,
2026-10-05T17:02:28.008472-04:00,57.803,left,328.562,-31.438,0.000,ok,
2026-10-05T17:02:28.208480-04:00,58.003,left,328.562,-31.438,0.000,ok,
2026-10-05T17:02:28.408537-04:00,58.203,left,328.562,-31.438,0.000,ok,
2026-10-05T17:02:28.608514-04:00,58.403,left,328.562,-31.438,0.000,ok,
2026-10-05T17:02:28.808501-04:00,58.603,left,328.562,-31.438,0.000,ok,
2026-10-05T17:02:29.008477-04:00,58.803,left,328.562,-31.438,0.000,ok,
2026-10-05T17:02:29.208530-04:00,59.003,left,328.562,-31.438,0.000,ok,
2026-10-05T17:02:29.408581-04:00,59.203,left,328.562,-31.438,0.000,ok,
2026-10-05T17:02:29.608511-04:00,59.403,left,328.562,-31.438,0.000,ok,
2026-10-05T17:02:29.808444-04:00,59.603,left,328.562,-31.438,0.000,ok,
2026-10-05T17:02:30.008360-04:00,59.803,left,328.562,-31.438,0.000,ok,
2026-10-05T17:02:30.208018-04:00,60.003,left,328.562,-31.438,0.000,ok,
2026-10-05T17:02:30.407987-04:00,60.203,left,328.562,-31.438,0.000,ok,
2026-10-05T17:02:30.607900-04:00,60.402,left,328.562,-31.438,0.000,ok,
2026-10-05T17:02:30.807782-04:00,60.602,left,328.562,-31.438,0.000,ok,
2026-10-05T17:02:31.007477-04:00,60.802,left,328.562,-31.438,0.000,ok,
2026-10-05T17:02:31.207343-04:00,61.002,left,328.562,-31.438,0.000,ok,
2026-10-05T17:02:31.407234-04:00,61.202,left,328.562,-31.438,0.000,ok,
2026-10-05T17:02:31.607120-04:00,61.402,left,328.562,-31.438,0.000,ok,
